{
  "representative_trials": [
    "squats_1",
    "walking_1",
    "running_1"
  ],
  "bland_altman": {
    "hip_flexion_left": {
      "view1": {
        "bias_deg": 21.62414762304597,
        "sd_deg": 4.044184680314607,
        "loa_lower_deg": 13.69754564962934,
        "loa_upper_deg": 29.5507495964626,
        "n_trials": 7,
        "n_frames": 34328
      },
      "view2": {
        "bias_deg": 18.288395355842287,
        "sd_deg": 9.166118143157242,
        "loa_lower_deg": 0.3228037952540923,
        "loa_upper_deg": 36.25398691643048,
        "n_trials": 8,
        "n_frames": 36073
      },
      "fused": {
        "bias_deg": 19.482252024262426,
        "sd_deg": 3.8081073684022275,
        "loa_lower_deg": 12.01836158219406,
        "loa_upper_deg": 26.94614246633079,
        "n_trials": 7,
        "n_frames": 34216
      }
    },
    "hip_flexion_right": {
      "view1": {
        "bias_deg": -12.542126552588327,
        "sd_deg": 5.174593626079559,
        "loa_lower_deg": -22.684330059704262,
        "loa_upper_deg": -2.3999230454723914,
        "n_trials": 10,
        "n_frames": 39231
      },
      "view2": {
        "bias_deg": -15.637282736283458,
        "sd_deg": 8.319849112170061,
        "loa_lower_deg": -31.94418699613678,
        "loa_upper_deg": 0.6696215235698606,
        "n_trials": 10,
        "n_frames": 39316
      },
      "fused": {
        "bias_deg": -14.361347363773547,
        "sd_deg": 5.792653209541012,
        "loa_lower_deg": -25.71494765447393,
        "loa_upper_deg": -3.0077470730731637,
        "n_trials": 10,
        "n_frames": 39069
      }
    },
    "knee_flexion_left": {
      "view1": {
        "bias_deg": -20.388526657067132,
        "sd_deg": 8.71873492538456,
        "loa_lower_deg": -37.47724711082087,
        "loa_upper_deg": -3.299806203313395,
        "n_trials": 7,
        "n_frames": 34302
      },
      "view2": {
        "bias_deg": -18.536748730206963,
        "sd_deg": 7.818996546114225,
        "loa_lower_deg": -33.861981960590846,
        "loa_upper_deg": -3.211515499823081,
        "n_trials": 7,
        "n_frames": 34387
      },
      "fused": {
        "bias_deg": -19.22398468847048,
        "sd_deg": 8.688071038031968,
        "loa_lower_deg": -36.25260392301314,
        "loa_upper_deg": -2.195365453927824,
        "n_trials": 7,
        "n_frames": 34190
      }
    },
    "knee_flexion_right": {
      "view1": {
        "bias_deg": 17.992249797046878,
        "sd_deg": 9.153588024460287,
        "loa_lower_deg": 0.0512172691047148,
        "loa_upper_deg": 35.93328232498904,
        "n_trials": 10,
        "n_frames": 39231
      },
      "view2": {
        "bias_deg": 20.244795885811204,
        "sd_deg": 12.186081100422008,
        "loa_lower_deg": -3.6399230710159323,
        "loa_upper_deg": 44.12951484263834,
        "n_trials": 10,
        "n_frames": 39316
      },
      "fused": {
        "bias_deg": 19.320143516400414,
        "sd_deg": 8.919912872621126,
        "loa_lower_deg": 1.8371142860630094,
        "loa_upper_deg": 36.803172746737815,
        "n_trials": 10,
        "n_frames": 39069
      }
    },
    "ankle_flexion_left": {
      "view1": {
        "bias_deg": -10.048741362944574,
        "sd_deg": 32.64124179470892,
        "loa_lower_deg": -74.02557528057405,
        "loa_upper_deg": 53.9280925546849,
        "n_trials": 8,
        "n_frames": 36411
      },
      "view2": {
        "bias_deg": -7.1769261966787505,
        "sd_deg": 29.365459502446043,
        "loa_lower_deg": -64.733226821473,
        "loa_upper_deg": 50.3793744281155,
        "n_trials": 9,
        "n_frames": 37386
      },
      "fused": {
        "bias_deg": -8.428628726981024,
        "sd_deg": 30.678971833153405,
        "loa_lower_deg": -68.5594135199617,
        "loa_upper_deg": 51.702156065999645,
        "n_trials": 9,
        "n_frames": 38153
      }
    },
    "ankle_flexion_right": {
      "view1": {
        "bias_deg": -13.202766489493003,
        "sd_deg": 16.459232012121504,
        "loa_lower_deg": -45.46286123325115,
        "loa_upper_deg": 19.057328254265144,
        "n_trials": 1,
        "n_frames": 6100
      },
      "view2": {
        "bias_deg": -13.092530045926019,
        "sd_deg": 19.02009378613353,
        "loa_lower_deg": -50.37191386674773,
        "loa_upper_deg": 24.186853774895695,
        "n_trials": 1,
        "n_frames": 6100
      },
      "fused": {
        "bias_deg": -13.528082885714882,
        "sd_deg": 17.831964244082673,
        "loa_lower_deg": -48.478732804116916,
        "loa_upper_deg": 21.422567032687155,
        "n_trials": 1,
        "n_frames": 6100
      }
    }
  },
  "mpjpe_overall": {
    "view_avg": 117.59140311966442,
    "fused": 108.26168768674295
  },
  "pa_mpjpe_overall": {
    "view_avg": 99.7335782261585,
    "fused": 96.59930662301045
  },
  "mpjpe_by_category": {
    "dance_move": {
      "view1": 129.43074677739784,
      "view2": 96.17844436627702,
      "fused": 105.47259316255285
    },
    "feet_movements": {
      "view1": 110.51414216540651,
      "view2": 106.3684068409361,
      "fused": 99.31445513077207
    },
    "random": {
      "view1": 104.93346878178029,
      "view2": 113.2679959295059,
      "fused": 95.37960488369676
    },
    "running": {
      "view1": 167.77371923754407,
      "view2": 165.36472097391908,
      "fused": 162.2447989652853
    },
    "squats": {
      "view1": 106.43551370292934,
      "view2": 113.51710525727765,
      "fused": 89.30514957921352
    },
    "walking": {
      "view1": 102.74582897950783,
      "view2": 92.23841741670681,
      "fused": 93.11677553380336
    }
  },
  "mpjpe_by_joint": {
    "pelvis": {
      "view_avg": 102.06090884315549,
      "fused": 94.02202814529193
    },
    "neck": {
      "view_avg": 54.6284481594253,
      "fused": 50.27558512809958
    },
    "head": {
      "view_avg": 100.16821137124032,
      "fused": 93.7101689129715
    },
    "hip_left": {
      "view_avg": 138.48006871910405,
      "fused": 134.9183919243937
    },
    "hip_right": {
      "view_avg": 223.60881819221186,
      "fused": 221.29198281820487
    },
    "knee_left": {
      "view_avg": 94.76334076552266,
      "fused": 86.29424187182151
    },
    "knee_right": {
      "view_avg": 101.52535237291525,
      "fused": 94.7318762346082
    },
    "ankle_left": {
      "view_avg": 131.6844171827853,
      "fused": 117.89463038573267
    },
    "ankle_right": {
      "view_avg": 124.59042829183772,
      "fused": 110.28497717244629
    },
    "heel_left": {
      "view_avg": 123.79474575540146,
      "fused": 108.66281129031768
    },
    "heel_right": {
      "view_avg": 156.00959434521297,
      "fused": 143.4557476707375
    },
    "toe_left": {
      "view_avg": 138.91685355203694,
      "fused": 123.54891932036455
    },
    "toe_right": {
      "view_avg": 169.226852272436,
      "fused": 162.4657937411356
    },
    "shoulder_left": {
      "view_avg": 69.54791678599811,
      "fused": 58.83351268824799
    },
    "shoulder_right": {
      "view_avg": 61.09648066492904,
      "fused": 50.52723834228122
    },
    "elbow_left": {
      "view_avg": 108.19810100668647,
      "fused": 101.4775734072174
    },
    "elbow_right": {
      "view_avg": 105.35027272975726,
      "fused": 97.94508717383616
    },
    "wrist_left": {
      "view_avg": 110.9636666855337,
      "fused": 97.79446843803917
    },
    "wrist_right": {
      "view_avg": 119.62218157743352,
      "fused": 108.83703138236845
    }
  },
  "phase7_headline": {
    "n_trials": 10,
    "n_trials_fused_beats_best_view_mpjpe": 7,
    "n_trials_fused_beats_best_view_pa_mpjpe": 3,
    "mean_fused_vs_best_view_mpjpe_pct": 3.739128016223532,
    "mean_fused_vs_best_view_pa_mpjpe_pct": -0.8443498596639796,
    "mean_best_view_mpjpe_mm": 112.71980757407523,
    "mean_fused_mpjpe_mm": 108.26168768674295,
    "mean_best_view_pa_mpjpe_mm": 96.10292890686523,
    "mean_fused_pa_mpjpe_mm": 96.59930662301045
  },