{
  "representative_trials": [
    "squats_1",
    "walking_1",
    "running_1"
  ],
  "bland_altman": {
    "hip_flexion_left": {
      "view1": {
        "bias_deg": 5.470873770824185,
        "sd_deg": 14.692975388723134,
        "loa_lower_deg": -23.327357991073157,
        "loa_upper_deg": 34.269105532721525,
        "n_trials": 10,
        "n_frames": 39231
      },
      "view2": {
        "bias_deg": 7.369011455222496,
        "sd_deg": 14.135943065839083,
        "loa_lower_deg": -20.337436953822106,
        "loa_upper_deg": 35.075459864267096,
        "n_trials": 10,
        "n_frames": 39316
      },
      "fused": {
        "bias_deg": 6.754360608853477,
        "sd_deg": 14.596307317397624,
        "loa_lower_deg": -21.854401733245865,
        "loa_upper_deg": 35.36312295095282,
        "n_trials": 10,
        "n_frames": 39069
      }
    },
    "hip_flexion_right": {
      "view1": {
        "bias_deg": -40.986685753499906,
        "sd_deg": 28.5757101910782,
        "loa_lower_deg": -96.99507772801317,
        "loa_upper_deg": 15.021706221013368,
        "n_trials": 10,
        "n_frames": 39231
      },
      "view2": {
        "bias_deg": -39.931614017139225,
        "sd_deg": 23.317027489777125,
        "loa_lower_deg": -85.6329878971024,
        "loa_upper_deg": 5.769759862823939,
        "n_trials": 10,
        "n_frames": 39316
      },
      "fused": {
        "bias_deg": -41.05629037720982,
        "sd_deg": 25.0190367963555,
        "loa_lower_deg": -90.0936024980666,
        "loa_upper_deg": 7.981021743646963,
        "n_trials": 10,
        "n_frames": 39069
      }
    },
    "knee_flexion_left": {
      "view1": {
        "bias_deg": 22.149488933411778,
        "sd_deg": 26.187332469687686,
        "loa_lower_deg": -29.177682707176086,
        "loa_upper_deg": 73.47666057399964,
        "n_trials": 10,
        "n_frames": 39205
      },
      "view2": {
        "bias_deg": 20.368025369191507,
        "sd_deg": 25.970969828812905,
        "loa_lower_deg": -30.535075495281788,
        "loa_upper_deg": 71.2711262336648,
        "n_trials": 10,
        "n_frames": 39290
      },
      "fused": {
        "bias_deg": 21.269088021145887,
        "sd_deg": 25.75854940668793,
        "loa_lower_deg": -29.21766881596246,
        "loa_upper_deg": 71.75584485825424,
        "n_trials": 10,
        "n_frames": 39043
      }
    },
    "knee_flexion_right": {
      "view1": {
        "bias_deg": 67.75395946300422,
        "sd_deg": 39.17622648851975,
        "loa_lower_deg": -9.03144445449449,
        "loa_upper_deg": 144.53936338050295,
        "n_trials": 10,
        "n_frames": 39231
      },
      "view2": {
        "bias_deg": 70.70952966740155,
        "sd_deg": 35.35288735821294,
        "loa_lower_deg": 1.4178704453041888,
        "loa_upper_deg": 140.0011888894989,
        "n_trials": 10,
        "n_frames": 39316
      },
      "fused": {
        "bias_deg": 67.86648844558147,
        "sd_deg": 40.26284260522837,
        "loa_lower_deg": -11.048683060666136,
        "loa_upper_deg": 146.78165995182906,
        "n_trials": 10,
        "n_frames": 39069
      }
    },
    "ankle_flexion_left": {
      "view1": {
        "bias_deg": -78.9366687725088,
        "sd_deg": 130.71938214214867,
        "loa_lower_deg": -335.1466577711202,
        "loa_upper_deg": 177.27332022610258,
        "n_trials": 10,
        "n_frames": 39205
      },
      "view2": {
        "bias_deg": -83.06771915964171,
        "sd_deg": 128.03044007644445,
        "loa_lower_deg": -334.00738170947284,
        "loa_upper_deg": 167.87194339018941,
        "n_trials": 10,
        "n_frames": 39290
      },
      "fused": {
        "bias_deg": -83.37181525471028,
        "sd_deg": 128.89442528639188,
        "loa_lower_deg": -336.0048888160384,
        "loa_upper_deg": 169.26125830661778,
        "n_trials": 10,
        "n_frames": 39043
      }
    },
    "ankle_flexion_right": {
      "view1": {
        "bias_deg": 34.987169877856516,
        "sd_deg": 149.7584911612982,
        "loa_lower_deg": -258.53947279828793,
        "loa_upper_deg": 328.51381255400094,
        "n_trials": 1,
        "n_frames": 6100
      },
      "view2": {
        "bias_deg": 41.876713560305504,
        "sd_deg": 147.0295712684625,
        "loa_lower_deg": -246.30124612588094,
        "loa_upper_deg": 330.054673246492,
        "n_trials": 1,
        "n_frames": 6100
      },
      "fused": {
        "bias_deg": 40.24295626909269,
        "sd_deg": 148.19512343251674,
        "loa_lower_deg": -250.2194856586401,
        "loa_upper_deg": 330.7053981968255,
        "n_trials": 1,
        "n_frames": 6100
      }
    }
  },
  "mpjpe_overall": {
    "view_avg": 117.59140311966442,
    "fused": 108.26168768674295
  },
  "pa_mpjpe_overall": {
    "view_avg": 99.7335782261585,
    "fused": 96.59930662301045
  },
  "mpjpe_by_category": {
    "dance_move": {
      "view1": 129.43074677739784,
      "view2": 96.17844436627702,
      "fused": 105.47259316255285
    },
    "feet_movements": {
      "view1": 110.51414216540651,
      "view2": 106.3684068409361,
      "fused": 99.31445513077207
    },
    "random": {
      "view1": 104.93346878178029,
      "view2": 113.2679959295059,
      "fused": 95.37960488369676
    },
    "running": {
      "view1": 167.77371923754407,
      "view2": 165.36472097391908,
      "fused": 162.2447989652853
    },
    "squats": {
      "view1": 106.43551370292934,
      "view2": 113.51710525727765,
      "fused": 89.30514957921352
    },
    "walking": {
      "view1": 102.74582897950783,
      "view2": 92.23841741670681,
      "fused": 93.11677553380336
    }
  },
  "mpjpe_by_joint": {
    "pelvis": {
      "view_avg": 102.06090884315549,
      "fused": 94.02202814529193
    },
    "neck": {
      "view_avg": 54.6284481594253,
      "fused": 50.27558512809958
    },
    "head": {
      "view_avg": 100.16821137124032,
      "fused": 93.7101689129715
    },
    "hip_left": {
      "view_avg": 138.48006871910405,
      "fused": 134.9183919243937
    },
    "hip_right": {
      "view_avg": 223.60881819221186,
      "fused": 221.29198281820487
    },
    "knee_left": {
      "view_avg": 94.76334076552266,
      "fused": 86.29424187182151
    },
    "knee_right": {
      "view_avg": 101.52535237291525,
      "fused": 94.7318762346082
    },
    "ankle_left": {
      "view_avg": 131.6844171827853,
      "fused": 117.89463038573267
    },
    "ankle_right": {
      "view_avg": 124.59042829183772,
      "fused": 110.28497717244629
    },
    "heel_left": {
      "view_avg": 123.79474575540146,
      "fused": 108.66281129031768
    },
    "heel_right": {
      "view_avg": 156.00959434521297,
      "fused": 143.4557476707375
    },
    "toe_left": {
      "view_avg": 138.91685355203694,
      "fused": 123.54891932036455
    },
    "toe_right": {
      "view_avg": 169.226852272436,
      "fused": 162.4657937411356
    },
    "shoulder_left": {
      "view_avg": 69.54791678599811,
      "fused": 58.83351268824799
    },
    "shoulder_right": {
      "view_avg": 61.09648066492904,
      "fused": 50.52723834228122
    },
    "elbow_left": {
      "view_avg": 108.19810100668647,
      "fused": 101.4775734072174
    },
    "elbow_right": {
      "view_avg": 105.35027272975726,
      "fused": 97.94508717383616
    },
    "wrist_left": {
      "view_avg": 110.9636666855337,
      "fused": 97.79446843803917
    },
    "wrist_right": {
      "view_avg": 119.62218157743352,
      "fused": 108.83703138236845
    }
  },
  "phase7_headline": {
    "n_trials": 10,
    "n_trials_fused_beats_best_view_mpjpe": 7,
    "n_trials_fused_beats_best_view_pa_mpjpe": 3,
    "mean_fused_vs_best_view_mpjpe_pct": 3.739128016223532,
    "mean_fused_vs_best_view_pa_mpjpe_pct": -0.8443498596639796,
    "mean_best_view_mpjpe_mm": 112.71980757407523,
    "mean_fused_mpjpe_mm": 108.26168768674295,
    "mean_best_view_pa_mpjpe_mm": 96.10292890686523,
    "mean_fused_pa_mpjpe_mm": 96.59930662301045
  },